pos,fn,label,label_prefilter
4202.172717,all.wav,,0_type
4205.852245,all.wav,,0_type
4208.681316,all.wav,,0_type
4216.630484,all.wav,,0_type
4222.36239,all.wav,,0_type
4235.952345,all.wav,,0_type
1839.948355,all.wav,,0_type
1856.310972,all.wav,,0_type
2348.20484,all.wav,,13_type
2357.81804,all.wav,,13_type
2359.976726,all.wav,,13_type
2368.188408,all.wav,,13_type
2379.439606,all.wav,,13_type
2384.598755,all.wav,,13_type
32.087392,all.wav,,14_type
37.893063,all.wav,,14_type
932.044374,all.wav,,14_type
33.007274,all.wav,15_type,15_type
41.533539,all.wav,15_type,15_type
63.385075,all.wav,15_type,15_type
74.779462,all.wav,15_type,15_type
75.491069,all.wav,15_type,15_type
76.003078,all.wav,15_type,15_type
109.934574,all.wav,15_type,15_type
158.831508,all.wav,15_type,15_type
176.782223,all.wav,15_type,15_type
933.107445,all.wav,15_type,15_type
941.638049,all.wav,15_type,15_type
974.944719,all.wav,15_type,15_type
975.799515,all.wav,15_type,15_type
1010.164917,all.wav,15_type,15_type
1076.817308,all.wav,15_type,15_type
2662.565826,all.wav,16_type,16_type
26.812831,S55_20191207_024632_074cho.wav,16_type,16_type
38.170983,S55_20191207_024632_074cho.wav,16_type,16_type
40.382578,S55_20191207_024632_074cho.wav,16_type,16_type
41.230135,S55_20191207_024632_074cho.wav,16_type,16_type
45.317834,S55_20191207_024632_074cho.wav,16_type,16_type
47.14538,S55_20191207_024632_074cho.wav,16_type,16_type
47.988523,S55_20191207_024632_074cho.wav,16_type,16_type
26.812831,S55_20191207_024632_074cho.wav,16_type,16_type
38.170983,S55_20191207_024632_074cho.wav,16_type,16_type
40.382578,S55_20191207_024632_074cho.wav,16_type,16_type
45.317834,S55_20191207_024632_074cho.wav,16_type,16_type
47.14538,S55_20191207_024632_074cho.wav,16_type,16_type
47.988523,S55_20191207_024632_074cho.wav,16_type,16_type
25.061234,pitch_pitch_ww_1626.wav,16_type,16_type
28.009134,pitch_pitch_ww_1626.wav,16_type,16_type
4.662207,0003_GLOBI_longitude.wav,16_type,16_type
4.225152,0005_GLOBI_longitude.wav,16_type,16_type
8.155561,0005_GLOBI_longitude.wav,16_type,16_type
9.51077,0005_GLOBI_longitude.wav,16_type,16_type
24.774345,006_GLOBI_longitude.wav,16_type,16_type
25.194055,006_GLOBI_longitude.wav,16_type,16_type
12.938865,007_GLOBI_longitude.wav,16_type,16_type
14.151771,FS1_GLOBI_longitude.wav,16_type,16_type
14.654047,FS1_GLOBI_longitude.wav,16_type,16_type
26.362933,FS1_GLOBI_longitude.wav,16_type,16_type
26.809763,FS1_GLOBI_longitude.wav,16_type,16_type
29.637508,FS1_GLOBI_longitude.wav,16_type,16_type
2631.018647,all.wav,18_type,18_type
2634.902111,all.wav,18_type,18_type
2636.85903,all.wav,18_type,18_type
2638.915747,all.wav,18_type,18_type
2640.052582,all.wav,18_type,18_type
2665.479509,all.wav,18_type,18_type
2672.287503,all.wav,18_type,18_type
2677.96951,all.wav,18_type,18_type
2678.229854,all.wav,18_type,18_type
2682.855298,all.wav,18_type,18_type
2687.311519,all.wav,18_type,18_type
2693.614012,all.wav,18_type,18_type
2698.36312,all.wav,18_type,18_type
2709.922391,all.wav,18_type,18_type
2718.147091,all.wav,18_type,18_type
2718.498555,all.wav,18_type,18_type
2720.811277,all.wav,18_type,18_type
2726.452063,all.wav,18_type,18_type
2729.732397,all.wav,18_type,18_type
2731.750062,all.wav,18_type,18_type
2734.557438,all.wav,18_type,18_type
2738.562396,all.wav,18_type,18_type
2738.974607,all.wav,18_type,18_type
2740.753624,all.wav,18_type,18_type
2743.270282,all.wav,18_type,18_type
2743.396115,all.wav,18_type,18_type
2748.516213,all.wav,18_type,18_type
2753.132979,all.wav,18_type,18_type
2759.832497,all.wav,18_type,18_type
2771.391768,all.wav,18_type,18_type
2780.152342,all.wav,18_type,18_type
2793.048046,all.wav,18_type,18_type
2799.769259,all.wav,18_type,18_type
2807.562222,all.wav,18_type,18_type
2813.315823,all.wav,18_type,18_type
2818.448938,all.wav,18_type,18_type
2831.544239,all.wav,18_type,18_type
46.644728,BOMBYX_pitch_2015_O6_15_OOOO.wav,,1_type
106.872883,BOMBYX_pitch_2015_O6_15_OOOO.wav,,1_type
2673.708547,all.wav,22_type,22_type
2675.993065,all.wav,22_type,22_type
2681.054586,all.wav,22_type,22_type
2684.577907,all.wav,22_type,22_type
2686.784322,all.wav,22_type,22_type
2691.709162,all.wav,22_type,22_type
2700.087898,all.wav,22_type,22_type
2702.693507,all.wav,22_type,22_type
2711.091769,all.wav,22_type,22_type
2720.320963,all.wav,22_type,22_type
2732.552789,all.wav,22_type,22_type
2734.019394,all.wav,22_type,22_type
2739.89015,all.wav,22_type,22_type
2745.917112,all.wav,22_type,22_type
2751.349623,all.wav,22_type,22_type
2753.861942,all.wav,22_type,22_type
2757.545809,all.wav,22_type,22_type
2760.669936,all.wav,22_type,22_type
2779.5145,all.wav,22_type,22_type
2785.189998,all.wav,22_type,22_type
2793.369137,all.wav,22_type,22_type
2801.548276,all.wav,22_type,22_type
2805.06292,all.wav,22_type,22_type
2809.992099,all.wav,22_type,22_type
2855.222522,all.wav,22_type,22_type
3168.099547,all.wav,24_type,24_type
3170.49905,all.wav,24_type,24_type
3173.354156,all.wav,24_type,24_type
3180.539649,all.wav,24_type,24_type
3184.145413,all.wav,24_type,24_type
3186.510204,all.wav,24_type,24_type
3189.113643,all.wav,24_type,24_type
3191.222429,all.wav,24_type,24_type
3195.58319,all.wav,24_type,24_type
3198.021745,all.wav,24_type,24_type
3208.743577,all.wav,24_type,24_type
3210.769921,all.wav,24_type,24_type
3213.026235,all.wav,24_type,24_type
3214.918068,all.wav,24_type,24_type
3216.762171,all.wav,24_type,24_type
3221.331208,all.wav,24_type,24_type
3223.144937,all.wav,24_type,24_type
3229.167561,all.wav,24_type,24_type
3231.501978,all.wav,24_type,24_type
3233.680189,all.wav,24_type,24_type
150.607945,BOMBYX_20181207_064240.wav,25_asc,25_asc
154.918666,BOMBYX_20181207_064240.wav,25_asc,25_asc
162.384308,BOMBYX_20181207_064240.wav,25_asc,25_asc
165.878063,BOMBYX_20181207_064240.wav,25_asc,25_asc
176.619101,BOMBYX_20181207_064240.wav,25_asc,25_asc
187.578498,BOMBYX_20181207_064240.wav,25_asc,25_asc
192.08499,BOMBYX_20181207_064240.wav,25_asc,25_asc
194.84084,BOMBYX_20181207_064240.wav,25_asc,25_asc
197.946818,BOMBYX_20181207_064240.wav,25_asc,25_asc
208.642678,BOMBYX_20181207_064240.wav,25_asc,25_asc
212.136433,BOMBYX_20181207_064240.wav,25_asc,25_asc
219.61337,BOMBYX_20181207_064240.wav,25_asc,25_asc
225.5392,BOMBYX_20181207_064240.wav,25_asc,25_asc
229.040484,BOMBYX_20181207_064240.wav,25_asc,25_asc
237.364506,BOMBYX_20181207_064240.wav,25_asc,25_asc
245.308281,BOMBYX_20181207_064240.wav,25_asc,25_asc
269.504792,BOMBYX_20181207_064240.wav,25_asc,25_asc
274.816957,BOMBYX_20181207_064240.wav,25_asc,25_asc
289.966601,BOMBYX_20181207_064240.wav,25_asc,25_asc
436.312767,BOMBYX_20181207_064240.wav,25_asc,25_asc
441.801877,BOMBYX_20181207_064240.wav,25_asc,25_asc
443.657935,BOMBYX_20181207_064240.wav,25_asc,25_asc
481.302391,BOMBYX_20181207_064240.wav,25_asc,25_asc
684.459723,BOMBYX_20181207_062826.wav,25_asc,25_asc
717.447095,BOMBYX_20181207_062826.wav,25_asc,25_asc
722.190771,BOMBYX_20181207_062826.wav,25_asc,25_asc
730.789625,BOMBYX_20181207_062826.wav,25_asc,25_asc
733.123814,BOMBYX_20181207_062826.wav,25_asc,25_asc
2361.95317,all.wav,25_b_type,25_b_type
123.324279,BOMBYX_20181207_064240.wav,25_b_type,25_b_type
489.690415,BOMBYX_20181207_064240.wav,25_b_type,25_b_type
498.025731,BOMBYX_20181207_064240.wav,25_b_type,25_b_type
512.369704,BOMBYX_20181207_064240.wav,25_b_type,25_b_type
514.854486,BOMBYX_20181207_064240.wav,25_b_type,25_b_type
518.965672,BOMBYX_20181207_064240.wav,25_b_type,25_b_type
538.971937,BOMBYX_20181207_064240.wav,25_b_type,25_b_type
540.922115,BOMBYX_20181207_064240.wav,25_b_type,25_b_type
601.242095,BOMBYX_20181207_064240.wav,25_b_type,25_b_type
615.465593,BOMBYX_20181207_064240.wav,25_b_type,25_b_type
49.484822,BOMBYX_20181207_070000.wav,25_b_type,25_b_type
67.202075,BOMBYX_20181207_070000.wav,25_b_type,25_b_type
553.786512,BOMBYX_20181207_070000.wav,25_b_type,25_b_type
556.920726,BOMBYX_20181207_070000.wav,25_b_type,25_b_type
644.887678,BOMBYX_20181207_070000.wav,25_b_type,25_b_type
654.582095,BOMBYX_20181207_070000.wav,25_b_type,25_b_type
659.743666,BOMBYX_20181207_070000.wav,25_b_type,25_b_type
666.162688,BOMBYX_20181207_070000.wav,25_b_type,25_b_type
668.805593,BOMBYX_20181207_070000.wav,25_b_type,25_b_type
670.721887,BOMBYX_20181207_070000.wav,25_b_type,25_b_type
671.425909,BOMBYX_20181207_070000.wav,25_b_type,25_b_type
674.132816,BOMBYX_20181207_070000.wav,25_b_type,25_b_type
677.152204,BOMBYX_20181207_070000.wav,25_b_type,25_b_type
679.550395,BOMBYX_20181207_070000.wav,25_b_type,25_b_type
681.918468,BOMBYX_20181207_070000.wav,25_b_type,25_b_type
729.588646,BOMBYX_20181207_070000.wav,25_b_type,25_b_type
734.957283,BOMBYX_20181207_070000.wav,25_b_type,25_b_type
745.144891,BOMBYX_20181207_070000.wav,25_b_type,25_b_type
752.245346,BOMBYX_20181207_070000.wav,25_b_type,25_b_type
757.260089,BOMBYX_20181207_070000.wav,25_b_type,25_b_type
767.323458,BOMBYX_20181207_070000.wav,25_b_type,25_b_type
768.77668,BOMBYX_20181207_070000.wav,25_b_type,25_b_type
770.561206,BOMBYX_20181207_070000.wav,25_b_type,25_b_type
780.899407,BOMBYX_20181207_070000.wav,25_b_type,25_b_type
502.336278,BOMBYX_20181207_071413.wav,25_b_type,25_b_type
580.312732,BOMBYX_20181207_071413.wav,25_b_type,25_b_type
604.885968,BOMBYX_20181207_071413.wav,25_b_type,25_b_type
74.914546,BOMBYX_20181207_072826.wav,25_b_type,25_b_type
82.28167,BOMBYX_20181207_072826.wav,25_b_type,25_b_type
121.637622,BOMBYX_20181207_071413.wav,25_b_type,25_b_type
158.487992,BOMBYX_20181207_072826.wav,25_b_type,25_b_type
825.370752,BOMBYX_20181207_072826.wav,25_b_type,25_b_type
828.472699,BOMBYX_20181207_072826.wav,25_b_type,25_b_type
455.042757,BOMBYX_20181207_044240.wav,25_b_type,25_b_type
6.8708,BOMBYX_20181207_050000.wav,25_b_type,25_b_type
188.997836,BOMBYX_20181207_050000.wav,25_b_type,25_b_type
228.321403,BOMBYX_20181207_050000.wav,25_b_type,25_b_type
265.344664,BOMBYX_20181207_050000.wav,25_b_type,25_b_type
729.675237,BOMBYX_20181207_050000.wav,25_b_type,25_b_type
599.288152,BOMBYX_20181207_052826.wav,25_b_type,25_b_type
759.281798,BOMBYX_20181207_062826.wav,25_b_type,25_b_type
145.794468,BOMBYX_20180927_051500.wav,25_b_type,25_b_type
156.631902,BOMBYX_20180927_051500.wav,25_b_type,25_b_type
167.871704,BOMBYX_20180927_051500.wav,25_b_type,25_b_type
170.767687,BOMBYX_20180927_051500.wav,25_b_type,25_b_type
172.06479,BOMBYX_20180927_051500.wav,25_b_type,25_b_type
173.409543,BOMBYX_20180927_051500.wav,25_b_type,25_b_type
176.374352,BOMBYX_20180927_051500.wav,25_b_type,25_b_type
179.26504,BOMBYX_20180927_051500.wav,25_b_type,25_b_type
182.404561,BOMBYX_20180927_051500.wav,25_b_type,25_b_type
194.830286,BOMBYX_20180927_051500.wav,25_b_type,25_b_type
202.046418,BOMBYX_20180927_051500.wav,25_b_type,25_b_type
207.87015,BOMBYX_20180927_051500.wav,25_b_type,25_b_type
211.014965,BOMBYX_20180927_051500.wav,25_b_type,25_b_type
213.01621,BOMBYX_20180927_051500.wav,25_b_type,25_b_type
215.086282,BOMBYX_20180927_051500.wav,25_b_type,25_b_type
217.018702,BOMBYX_20180927_051500.wav,25_b_type,25_b_type
221.847105,BOMBYX_20180927_051500.wav,25_b_type,25_b_type
224.42543,BOMBYX_20180927_051500.wav,25_b_type,25_b_type
226.140783,BOMBYX_20180927_051500.wav,25_b_type,25_b_type
227.813782,BOMBYX_20180927_051500.wav,25_b_type,25_b_type
229.513253,BOMBYX_20180927_051500.wav,25_b_type,25_b_type
235.246981,BOMBYX_20180927_051500.wav,25_b_type,25_b_type
241.552494,BOMBYX_20180927_051500.wav,25_b_type,25_b_type
247.212102,BOMBYX_20180927_051500.wav,25_b_type,25_b_type
252.299926,BOMBYX_20180927_051500.wav,25_b_type,25_b_type
256.784199,BOMBYX_20180927_051500.wav,25_b_type,25_b_type
258.700736,BOMBYX_20180927_051500.wav,25_b_type,25_b_type
260.426678,BOMBYX_20180927_051500.wav,25_b_type,25_b_type
262.42263,BOMBYX_20180927_051500.wav,25_b_type,25_b_type
273.244181,BOMBYX_20180927_051500.wav,25_b_type,25_b_type
281.593294,BOMBYX_20180927_051500.wav,25_b_type,25_b_type
284.303977,BOMBYX_20180927_051500.wav,25_b_type,25_b_type
289.640632,BOMBYX_20180927_051500.wav,25_b_type,25_b_type
292.017774,BOMBYX_20180927_051500.wav,25_b_type,25_b_type
3724.016332,all.wav,25_c_harmo_type,25_c_harmo_type
3794.348251,all.wav,25_c_harmo_type,25_c_harmo_type
3802.236673,all.wav,25_c_harmo_type,25_c_harmo_type
3804.510344,all.wav,25_c_harmo_type,25_c_harmo_type
4218.118784,all.wav,25_c_harmo_type,25_c_harmo_type
4227.959785,all.wav,25_c_harmo_type,25_c_harmo_type
4229.513171,all.wav,25_c_harmo_type,25_c_harmo_type
4234.242753,all.wav,25_c_harmo_type,25_c_harmo_type
4242.621489,all.wav,25_c_harmo_type,25_c_harmo_type
4244.869125,all.wav,25_c_harmo_type,25_c_harmo_type
4246.526648,all.wav,25_c_harmo_type,25_c_harmo_type
4253.009213,all.wav,25_c_harmo_type,25_c_harmo_type
359.794231,BOMBYX_20181207_072826.wav,25_c_harmo_type,25_c_harmo_type
369.376128,BOMBYX_20181207_072826.wav,25_c_harmo_type,25_c_harmo_type
379.545962,BOMBYX_20181207_072826.wav,25_c_harmo_type,25_c_harmo_type
598.689545,BOMBYX_20181207_064240.wav,25_desc,25_desc
697.960375,BOMBYX_20181207_064240.wav,25_desc,25_desc
86.759202,BOMBYX_20181207_045653.wav,25_desc,25_desc
88.514884,BOMBYX_20181207_045653.wav,25_desc,25_desc
90.894412,BOMBYX_20181207_045653.wav,25_desc,25_desc
92.819424,BOMBYX_20181207_045653.wav,25_desc,25_desc
28.115509,BOMBYX_20170106_014800.wav,25_desc,25_desc
45.989485,BOMBYX_20170106_014800.wav,25_desc,25_desc
51.478744,BOMBYX_20170106_014800.wav,25_desc,25_desc
54.545274,BOMBYX_20170106_014800.wav,25_desc,25_desc
580.718167,BOMBYX_20181207_070000.wav,25_desc,25_desc
585.557846,BOMBYX_20181207_070000.wav,25_desc,25_desc
594.819308,BOMBYX_20181207_070000.wav,25_desc,25_desc
600.560662,BOMBYX_20181207_070000.wav,25_desc,25_desc
622.270509,BOMBYX_20181207_070000.wav,25_desc,25_desc
626.940771,BOMBYX_20181207_070000.wav,25_desc,25_desc
628.702708,BOMBYX_20181207_070000.wav,25_desc,25_desc
640.076235,BOMBYX_20181207_070000.wav,25_desc,25_desc
758.423419,BOMBYX_20181207_070000.wav,25_desc,25_desc
269.289873,BOMBYX_20181207_071413.wav,25_desc,25_desc
502.127655,BOMBYX_20181207_071413.wav,25_desc,25_desc
581.638225,BOMBYX_20181207_071413.wav,25_desc,25_desc
502.133977,BOMBYX_20181207_071413.wav,25_desc,25_desc
4.096126,BOMBYX_20181207_044240.wav,25_desc,25_desc
1.396749,BOMBYX_20181207_050000.wav,25_desc,25_desc
13.722777,BOMBYX_20181207_050000.wav,25_desc,25_desc
181.49831,BOMBYX_20181207_050000.wav,25_desc,25_desc
185.413725,BOMBYX_20181207_050000.wav,25_desc,25_desc
190.92919,BOMBYX_20181207_050000.wav,25_desc,25_desc
157.49004,BOMBYX_20181207_062826.wav,25_desc,25_desc
164.545316,BOMBYX_20181207_062826.wav,25_desc,25_desc
178.663399,BOMBYX_20181207_062826.wav,25_desc,25_desc
54.672747,BOMBYX_20181207_064240.wav,25_type,25_type
71.561739,BOMBYX_20181207_064240.wav,25_type,25_type
128.760682,BOMBYX_20181207_064240.wav,25_type,25_type
438.052115,BOMBYX_20181207_064240.wav,25_type,25_type
439.761344,BOMBYX_20181207_064240.wav,25_type,25_type
4.1746,076_GLOBI_longitude.wav,25_type,25_type
59.341126,BOMBYX_20181207_070000.wav,25_type,25_type
382.065445,BOMBYX_20181207_070000.wav,25_type,25_type
385.775677,BOMBYX_20181207_070000.wav,25_type,25_type
389.472732,BOMBYX_20181207_070000.wav,25_type,25_type
260.05568,BOMBYX_20181207_071413.wav,25_type,25_type
504.74703,BOMBYX_20181207_071413.wav,25_type,25_type
518.560387,BOMBYX_20181207_071413.wav,25_type,25_type
801.048285,BOMBYX_20181207_071413.wav,25_type,25_type
733.20664,BOMBYX_20181207_050000.wav,25_type,25_type
604.93915,BOMBYX_20181207_052826.wav,25_type,25_type
609.81083,BOMBYX_20181207_052826.wav,25_type,25_type
622.840879,BOMBYX_20181207_052826.wav,25_type,25_type
629.222253,BOMBYX_20181207_052826.wav,25_type,25_type
635.833281,BOMBYX_20181207_052826.wav,25_type,25_type
564.678142,BOMBYX_20181207_062826.wav,25_type,25_type
571.364466,BOMBYX_20181207_062826.wav,25_type,25_type
648.821917,BOMBYX_20181207_062826.wav,25_type,25_type
653.814071,BOMBYX_20181207_062826.wav,25_type,25_type
660.914526,BOMBYX_20181207_062826.wav,25_type,25_type
682.012589,BOMBYX_20181207_062826.wav,25_type,25_type
687.961008,BOMBYX_20181207_062826.wav,25_type,25_type
700.558103,BOMBYX_20181207_062826.wav,25_type,25_type
706.160158,BOMBYX_20181207_062826.wav,25_type,25_type
709.390375,BOMBYX_20181207_062826.wav,25_type,25_type
728.289783,BOMBYX_20181207_062826.wav,25_type,25_type
746.97836,BOMBYX_20181207_062826.wav,25_type,25_type
756.879842,BOMBYX_20181207_062826.wav,25_type,25_type
777.721897,BOMBYX_20181207_062826.wav,25_type,25_type
3235.311678,all.wav,,26_type
3245.031186,all.wav,,26_type
3250.424644,all.wav,,26_type
3255.206295,all.wav,,26_type
3258.117808,all.wav,,26_type
3273.430372,all.wav,,26_type
3279.978022,all.wav,,26_type
3283.158558,all.wav,,26_type
3288.430523,all.wav,,26_type
494.088302,BOMBYX_20181207_071413.wav,27_b_type,27_b_type
499.632611,BOMBYX_20181207_071413.wav,27_b_type,27_b_type
502.922107,BOMBYX_20181207_071413.wav,27_b_type,27_b_type
506.919657,BOMBYX_20181207_071413.wav,27_b_type,27_b_type
523.946648,BOMBYX_20181207_071413.wav,27_b_type,27_b_type
532.81417,BOMBYX_20181207_071413.wav,27_b_type,27_b_type
552.466858,BOMBYX_20181207_071413.wav,27_b_type,27_b_type
620.886704,BOMBYX_20181207_071413.wav,27_b_type,27_b_type
630.729906,BOMBYX_20181207_071413.wav,27_b_type,27_b_type
647.938125,BOMBYX_20181207_071413.wav,27_b_type,27_b_type
797.2425,BOMBYX_20181207_071413.wav,27_b_type,27_b_type
583.027885,BOMBYX_20181207_052826.wav,27_b_type,27_b_type
2934.076366,all.wav,27_type,27_type
2936.271934,all.wav,27_type,27_type
2938.276582,all.wav,27_type,27_type
2941.25752,all.wav,27_type,27_type
2943.531191,all.wav,27_type,27_type
2945.683368,all.wav,27_type,27_type
2947.844222,all.wav,27_type,27_type
2949.597205,all.wav,27_type,27_type
2951.376222,all.wav,27_type,27_type
2954.82578,all.wav,27_type,27_type
2960.345071,all.wav,27_type,27_type
31.341073,all.wav,27_type,27_type
1832.194444,all.wav,27_type,27_type
1837.97408,all.wav,27_type,27_type
1841.3195,all.wav,27_type,27_type
3196.733043,all.wav,28_b_type,28_b_type
3392.086468,all.wav,28_b_type,28_b_type
3396.86378,all.wav,28_b_type,28_b_type
3399.289318,all.wav,28_b_type,28_b_type
3403.229189,all.wav,28_b_type,28_b_type
3406.474811,all.wav,28_b_type,28_b_type
3409.993793,all.wav,28_b_type,28_b_type
3417.378883,all.wav,28_b_type,28_b_type
3420.806745,all.wav,28_b_type,28_b_type
3424.776991,all.wav,28_b_type,28_b_type
3440.241422,all.wav,28_b_type,28_b_type
3449.162541,all.wav,28_b_type,28_b_type
3453.770629,all.wav,28_b_type,28_b_type
3455.76226,all.wav,28_b_type,28_b_type
3457.619381,all.wav,28_b_type,28_b_type
3462.548559,all.wav,28_b_type,28_b_type
3464.227778,all.wav,28_b_type,28_b_type
3465.872284,all.wav,28_b_type,28_b_type
3467.681674,all.wav,28_b_type,28_b_type
3469.248077,all.wav,28_b_type,28_b_type
3476.34245,all.wav,28_b_type,28_b_type
3478.598764,all.wav,28_b_type,28_b_type
3488.261864,all.wav,28_b_type,28_b_type
3492.336247,all.wav,28_b_type,28_b_type
3501.604492,all.wav,28_b_type,28_b_type
3505.557381,all.wav,28_b_type,28_b_type
3507.748609,all.wav,28_b_type,28_b_type
3518.635325,all.wav,28_b_type,28_b_type
3523.330195,all.wav,28_b_type,28_b_type
3531.609132,all.wav,28_b_type,28_b_type
3566.547291,all.wav,28_b_type,28_b_type
3579.078513,all.wav,28_b_type,28_b_type
3581.031093,all.wav,28_b_type,28_b_type
3584.25068,all.wav,28_b_type,28_b_type
3587.353112,all.wav,28_b_type,28_b_type
3591.54465,all.wav,28_b_type,28_b_type
3593.787947,all.wav,28_b_type,28_b_type
4.856286,pitch_globicephale_PNPC_2014.wav,28_b_type,28_b_type
7.774036,pitch_globicephale_PNPC_2014.wav,28_b_type,28_b_type
10.618843,pitch_globicephale_PNPC_2014.wav,28_b_type,28_b_type
12.953043,pitch_globicephale_PNPC_2014.wav,28_b_type,28_b_type
16.595811,pitch_globicephale_PNPC_2014.wav,28_b_type,28_b_type
21.109482,pitch_globicephale_PNPC_2014.wav,28_b_type,28_b_type
303.690553,1254_2014.wav,28_b_type,28_b_type
307.936058,1254_2014.wav,28_b_type,28_b_type
319.15585,1254_2014.wav,28_b_type,28_b_type
323.390395,1254_2014.wav,28_b_type,28_b_type
492.934406,1254_2014.wav,28_b_type,28_b_type
3512.582328,all.wav,28_type,28_type
3517.181738,all.wav,28_type,28_type
3520.353595,all.wav,28_type,28_type
3524.458352,all.wav,28_type,28_type
3527.326474,all.wav,28_type,28_type
3530.376838,all.wav,28_type,28_type
3532.754646,all.wav,28_type,28_type
3535.718228,all.wav,28_type,28_type
3539.041952,all.wav,28_type,28_type
3544.040556,all.wav,28_type,28_type
3553.998712,all.wav,28_type,28_type
3557.062093,all.wav,28_type,28_type
3560.212255,all.wav,28_type,28_type
3564.429827,all.wav,28_type,28_type
3569.706131,all.wav,28_type,28_type
3575.103929,all.wav,28_type,28_type
3576.995762,all.wav,28_type,28_type
3583.573786,all.wav,28_type,28_type
3586.537368,all.wav,28_type,28_type
3589.661495,all.wav,28_type,28_type
3590.715888,all.wav,28_type,28_type
3592.546974,all.wav,28_type,28_type
3596.347996,all.wav,28_type,28_type
3597.528222,all.wav,28_type,28_type
3604.843887,all.wav,28_type,28_type
3612.515355,all.wav,28_type,28_type
3618.012952,all.wav,28_type,28_type
3620.451507,all.wav,28_type,28_type
3630.847909,all.wav,28_type,28_type
3640.146527,all.wav,28_type,28_type
3642.472266,all.wav,28_type,28_type
3644.91516,all.wav,28_type,28_type
3651.93143,all.wav,28_type,28_type
3661.225709,all.wav,28_type,28_type
3661.716024,all.wav,28_type,28_type
3668.580426,all.wav,28_type,28_type
3676.464509,all.wav,28_type,28_type
3713.229414,all.wav,28_type,28_type
3717.672618,all.wav,28_type,28_type
97.404715,S55_20191207_024431_717_chok.wav,2_type,2_type
37.921213,S55_20191207_024031_035.wav,2_type,2_type
38.40982,S55_20191207_024031_035.wav,2_type,2_type
57.411403,BOMBYX_20180927_051500.wav,2_type,2_type
238.645923,BOMBYX_20180927_051500.wav,2_type,2_type
3.774987,all.wav,2_type,2_type
4.17852,all.wav,2_type,2_type
4.725243,all.wav,2_type,2_type
5.328373,all.wav,2_type,2_type
6.356732,all.wav,2_type,2_type
7.05966,all.wav,2_type,2_type
7.628078,all.wav,2_type,2_type
8.274599,all.wav,2_type,2_type
13.112657,all.wav,2_type,2_type
13.737483,all.wav,2_type,2_type
14.114981,all.wav,2_type,2_type
15.351615,all.wav,2_type,2_type
16.579571,all.wav,2_type,2_type
18.250111,all.wav,2_type,2_type
18.883615,all.wav,2_type,2_type
20.510765,all.wav,2_type,2_type
21.178981,all.wav,2_type,2_type
23.812794,all.wav,2_type,2_type
24.524401,all.wav,2_type,2_type
25.839137,all.wav,2_type,2_type
26.364164,all.wav,2_type,2_type
29.470936,all.wav,2_type,2_type
30.1001,all.wav,2_type,2_type
35.710512,all.wav,2_type,2_type
36.456832,all.wav,2_type,2_type
36.79094,all.wav,2_type,2_type
54.867488,all.wav,2_type,2_type
55.527026,all.wav,2_type,2_type
78.007727,all.wav,2_type,2_type
78.767063,all.wav,2_type,2_type
83.70492,all.wav,2_type,2_type
84.190896,all.wav,2_type,2_type
84.841756,all.wav,2_type,2_type
91.901416,all.wav,2_type,2_type
117.909777,all.wav,2_type,2_type
123.520189,all.wav,2_type,2_type
124.327255,all.wav,2_type,2_type
125.103948,all.wav,2_type,2_type
129.204366,all.wav,2_type,2_type
129.898616,all.wav,2_type,2_type
130.7187,all.wav,2_type,2_type
187.29578,all.wav,2_type,2_type
189.938271,all.wav,2_type,2_type
196.208221,all.wav,2_type,2_type
904.382829,all.wav,2_type,2_type
907.146814,all.wav,2_type,2_type
913.815958,all.wav,2_type,2_type
915.586297,all.wav,2_type,2_type
918.289535,all.wav,2_type,2_type
921.066537,all.wav,2_type,2_type
924.034458,all.wav,2_type,2_type
926.238704,all.wav,2_type,2_type
930.009352,all.wav,2_type,2_type
936.248929,all.wav,2_type,2_type
955.301767,all.wav,2_type,2_type
978.580856,all.wav,2_type,2_type
984.616497,all.wav,2_type,2_type
991.732565,all.wav,2_type,2_type
1024.774552,all.wav,2_type,2_type
1029.75146,all.wav,2_type,2_type
1084.176364,all.wav,2_type,2_type
1087.365577,all.wav,2_type,2_type
1089.864879,all.wav,2_type,2_type
1096.31707,all.wav,2_type,2_type
1110.353948,all.wav,2_type,2_type
1126.308694,all.wav,2_type,2_type
6536.167116,all.wav,,30_type
207.772955,BOMBYX_pitch_2015_O6_O8_233000.wav,,30_type
9.796568,pitch_globicephale_PNPC_2014.wav,,30_type
13.311131,pitch_globicephale_PNPC_2014.wav,,30_type
22.524149,pitch_globicephale_PNPC_2014.wav,,30_type
26.805726,pitch_globicephale_PNPC_2014.wav,,30_type
305.369467,1254_2014.wav,,30_type
309.792507,1254_2014.wav,,30_type
320.47531,1254_2014.wav,,30_type
5092.859284,all.wav,,31_b_type
5104.002005,all.wav,,31_b_type
5128.381047,all.wav,,31_b_type
5130.59831,all.wav,,31_b_type
5133.262496,all.wav,,31_b_type
81.101573,20191207_024231_351.wav,,31_b_type
3.966624,20191207_024231_351.wav,31_type,31_type
9.098203,20191207_024231_351.wav,31_type,31_type
11.245186,20191207_024231_351.wav,31_type,31_type
14.123877,20191207_024231_351.wav,31_type,31_type
18.793325,20191207_024231_351.wav,31_type,31_type
25.022465,20191207_024231_351.wav,31_type,31_type
31.1457,20191207_024231_351.wav,31_type,31_type
39.021181,20191207_024231_351.wav,31_type,31_type
54.858793,20191207_024231_351.wav,31_type,31_type
76.903883,20191207_024231_351.wav,31_type,31_type
107.438222,20191207_024231_351.wav,31_type,31_type
1.910339,BOMBYX_20170105_080600.wav,,35_b_type
11.004569,BOMBYX_20170105_080600.wav,,35_b_type
18.387542,BOMBYX_20170105_080600.wav,,35_b_type
3.960459,BOMBYX_20170105_080600.wav,,35_type
8.945978,BOMBYX_20170105_080600.wav,,35_type
14.228001,BOMBYX_20170105_080600.wav,,35_type
24.516723,BOMBYX_20170105_080600.wav,,35_type
28.002774,BOMBYX_20170105_080600.wav,,35_type
38.418569,BOMBYX_20170105_080600.wav,,35_type
57.280519,BOMBYX_20170105_080600.wav,,35_type
3270.488485,all.wav,36_type,36_type
3571.441757,all.wav,36_type,36_type
3608.900913,all.wav,36_type,36_type
3638.996675,all.wav,36_type,36_type
3691.829141,all.wav,36_type,36_type
3700.320693,all.wav,36_type,36_type
3703.674791,all.wav,36_type,36_type
3706.764206,all.wav,36_type,36_type
3708.543223,all.wav,36_type,36_type
7586.748262,all.wav,36_type,36_type
7593.295912,all.wav,36_type,36_type
174.373719,BOMBYX_20170908_084000.wav,36_type,36_type
1.953529,BOMBYX_20170908_082000.wav,36_type,36_type
2.504117,BOMBYX_20170908_082000.wav,36_type,36_type
27.995289,BOMBYX_20170908_082000.wav,36_type,36_type
28.424112,BOMBYX_20170908_082000.wav,36_type,36_type
51.930547,S55_20191207_024632_074cho.wav,3_a_type,3_a_type
54.526192,S55_20191207_024632_074cho.wav,3_a_type,3_a_type
56.706886,S55_20191207_024632_074cho.wav,3_a_type,3_a_type
59.130371,S55_20191207_024632_074cho.wav,3_a_type,3_a_type
64.012655,S55_20191207_024632_074cho.wav,3_a_type,3_a_type
66.109476,S55_20191207_024632_074cho.wav,3_a_type,3_a_type
68.303414,S55_20191207_024632_074cho.wav,3_a_type,3_a_type
70.497351,S55_20191207_024632_074cho.wav,3_a_type,3_a_type
72.382284,S55_20191207_024632_074cho.wav,3_a_type,3_a_type
51.930547,S55_20191207_024632_074cho.wav,3_a_type,3_a_type
54.526192,S55_20191207_024632_074cho.wav,3_a_type,3_a_type
56.706886,S55_20191207_024632_074cho.wav,3_a_type,3_a_type
59.130371,S55_20191207_024632_074cho.wav,3_a_type,3_a_type
64.012655,S55_20191207_024632_074cho.wav,3_a_type,3_a_type
66.109476,S55_20191207_024632_074cho.wav,3_a_type,3_a_type
68.303414,S55_20191207_024632_074cho.wav,3_a_type,3_a_type
70.497351,S55_20191207_024632_074cho.wav,3_a_type,3_a_type
72.382284,S55_20191207_024632_074cho.wav,3_a_type,3_a_type
3.778445,S55_20191207_025032_744okkk.wav,3_a_type,3_a_type
7.552149,S55_20191207_025032_744okkk.wav,3_a_type,3_a_type
9.420038,S55_20191207_025032_744okkk.wav,3_a_type,3_a_type
12.610619,S55_20191207_025032_744okkk.wav,3_a_type,3_a_type
22.993047,S55_20191207_025032_744okkk.wav,3_a_type,3_a_type
104.94311,S55_20191207_025032_744okkk.wav,3_a_type,3_a_type
61.553855,S55_20191207_024632_074cho.wav,,3_b_type
81.405238,S55_20191207_024632_074cho.wav,,3_b_type
61.553855,S55_20191207_024632_074cho.wav,,3_b_type
81.405238,S55_20191207_024632_074cho.wav,,3_b_type
20.859671,S55_20191207_025032_744okkk.wav,,3_b_type
74.545321,S55_20191207_024632_074cho.wav,4_type,4_type
77.163037,S55_20191207_024632_074cho.wav,4_type,4_type
79.264273,S55_20191207_024632_074cho.wav,4_type,4_type
83.718364,S55_20191207_024632_074cho.wav,4_type,4_type
86.309594,S55_20191207_024632_074cho.wav,4_type,4_type
89.783696,S55_20191207_024632_074cho.wav,4_type,4_type
91.911418,S55_20191207_024632_074cho.wav,4_type,4_type
94.030312,S55_20191207_024632_074cho.wav,4_type,4_type
96.957034,S55_20191207_024632_074cho.wav,4_type,4_type
98.837552,S55_20191207_024632_074cho.wav,4_type,4_type
100.784285,S55_20191207_024632_074cho.wav,4_type,4_type
102.302825,S55_20191207_024632_074cho.wav,4_type,4_type
104.381989,S55_20191207_024632_074cho.wav,4_type,4_type
106.284579,S55_20191207_024632_074cho.wav,4_type,4_type
108.112125,S55_20191207_024632_074cho.wav,4_type,4_type
110.072101,S55_20191207_024632_074cho.wav,4_type,4_type
112.5,S55_20191207_024632_074cho.wav,4_type,4_type
114.539435,S55_20191207_024632_074cho.wav,4_type,4_type
34.184815,S55_20191207_024632_074cho.wav,4_type,4_type
74.545321,S55_20191207_024632_074cho.wav,4_type,4_type
77.163037,S55_20191207_024632_074cho.wav,4_type,4_type
79.264273,S55_20191207_024632_074cho.wav,4_type,4_type
83.718364,S55_20191207_024632_074cho.wav,4_type,4_type
86.309594,S55_20191207_024632_074cho.wav,4_type,4_type
89.783696,S55_20191207_024632_074cho.wav,4_type,4_type
91.911418,S55_20191207_024632_074cho.wav,4_type,4_type
94.030312,S55_20191207_024632_074cho.wav,4_type,4_type
96.957034,S55_20191207_024632_074cho.wav,4_type,4_type
98.837552,S55_20191207_024632_074cho.wav,4_type,4_type
100.784285,S55_20191207_024632_074cho.wav,4_type,4_type
102.302825,S55_20191207_024632_074cho.wav,4_type,4_type
104.381989,S55_20191207_024632_074cho.wav,4_type,4_type
106.284579,S55_20191207_024632_074cho.wav,4_type,4_type
108.112125,S55_20191207_024632_074cho.wav,4_type,4_type
112.5,S55_20191207_024632_074cho.wav,4_type,4_type
114.539435,S55_20191207_024632_074cho.wav,4_type,4_type
497.044845,BOMBYX_20181207_071413.wav,,50_type
513.869535,BOMBYX_20181207_071413.wav,,50_type
529.198042,BOMBYX_20181207_071413.wav,,50_type
550.818949,BOMBYX_20181207_071413.wav,,50_type
626.445763,BOMBYX_20181207_071413.wav,,50_type
635.033014,BOMBYX_20181207_071413.wav,,50_type
637.062345,BOMBYX_20181207_071413.wav,,50_type
638.880946,BOMBYX_20181207_071413.wav,,50_type
107.560051,S55_20191207_025032_744okkk.wav,,52_type
383.047687,1257_2014.wav,,52_type
386.880938,1257_2014.wav,,52_type
388.223837,1257_2014.wav,,52_type
392.646576,1257_2014.wav,,52_type
18.603249,pitch_pitch_ww_1626.wav,,53_type
22.197152,pitch_pitch_ww_1626.wav,,53_type
24.239421,pitch_pitch_ww_1626.wav,,53_type
26.230581,pitch_pitch_ww_1626.wav,,53_type
2185.144913,all.wav,,54_type
2188.279888,all.wav,,54_type
3598.569597,all.wav,,55_type
3635.915938,all.wav,,55_type
3662.158608,all.wav,,55_type
3709.67138,all.wav,,55_type
2587.883993,all.wav,,56_type
3727.990916,all.wav,,56_type
32.006234,1258_2014.wav,,56_type
588.856804,all.wav,,56_type
1488.946127,all.wav,,56_type
94.931536,S55_20191207_024431_717_chok.wav,57_type,57_type
95.221626,S55_20191207_024431_717_chok.wav,57_type,57_type
95.971203,S55_20191207_024431_717_chok.wav,57_type,57_type
24.786639,S55_20191207_024632_074cho.wav,57_type,57_type
25.307534,S55_20191207_024632_074cho.wav,57_type,57_type
36.043261,S55_20191207_024632_074cho.wav,57_type,57_type
7105.222592,all.wav,57_type,57_type
7132.623794,all.wav,57_type,57_type
7163.598215,all.wav,57_type,57_type
7.628016,S55_20191207_024632_074cho.wav,57_type,57_type
58.52086,S55_20191207_025032_744okkk.wav,57_type,57_type
118.610936,S55_20191207_025032_744okkk.wav,57_type,57_type
119.786662,S55_20191207_025032_744okkk.wav,57_type,57_type
185.920296,all.wav,,58_type
1086.241759,all.wav,,58_type
115.496189,S55_20191207_024431_717_chok.wav,,59_type
50.928487,S55_20191207_024632_074cho.wav,,59_type
53.05621,S55_20191207_024632_074cho.wav,,59_type
50.928487,S55_20191207_024632_074cho.wav,,59_type
53.05621,S55_20191207_024632_074cho.wav,,59_type
2187.924084,all.wav,5_type,5_type
2189.785544,all.wav,5_type,5_type
2189.885342,all.wav,5_type,5_type
2197.923462,all.wav,5_type,5_type
2199.680783,all.wav,5_type,5_type
2203.674894,all.wav,5_type,5_type
2205.17621,all.wav,5_type,5_type
2206.85109,all.wav,5_type,5_type
2208.439188,all.wav,5_type,5_type
2209.606397,all.wav,5_type,5_type
2210.888591,all.wav,5_type,5_type
2212.389907,all.wav,5_type,5_type
2214.379369,all.wav,5_type,5_type
2215.793905,all.wav,5_type,5_type
2217.321256,all.wav,5_type,5_type
2060.607213,all.wav,5_type,5_type
2071.3963,all.wav,5_type,5_type
2083.669348,all.wav,5_type,5_type
2096.979432,all.wav,5_type,5_type
2110.675694,all.wav,5_type,5_type
2112.539323,all.wav,5_type,5_type
2115.071168,all.wav,5_type,5_type
2120.954941,all.wav,5_type,5_type
2127.289977,all.wav,5_type,5_type
2133.000188,all.wav,5_type,5_type
2140.949357,all.wav,5_type,5_type
2151.469422,all.wav,5_type,5_type
2163.458261,all.wav,5_type,5_type
2168.962366,all.wav,5_type,5_type
2174.065108,all.wav,5_type,5_type
7318.578802,all.wav,,60_type
7320.151713,all.wav,,60_type
7321.726794,all.wav,,60_type
7323.514489,all.wav,,60_type
7326.291492,all.wav,,60_type
7328.200681,all.wav,,60_type
7333.194946,all.wav,,60_type
15.874044,S55_20191207_024632_074cho.wav,,61_type
15.874044,S55_20191207_024632_074cho.wav,,61_type
408.358171,all.wav,,61_type
805.57362,all.wav,,61_type
856.366726,all.wav,,61_type
1705.613044,all.wav,,61_type
1756.58839,all.wav,,61_type
31.550253,S55_20191207_025032_744okkk.wav,,62_type
37.481037,S55_20191207_025032_744okkk.wav,,62_type
43.108407,S55_20191207_025032_744okkk.wav,,62_type
2174.791901,all.wav,6_type,6_type
2184.767414,all.wav,6_type,6_type
2187.088814,all.wav,6_type,6_type
2191.178384,all.wav,6_type,6_type
2192.963909,all.wav,6_type,6_type
2194.317698,all.wav,6_type,6_type
1987.153335,all.wav,6_type,6_type
1992.33418,all.wav,6_type,6_type
1996.812096,all.wav,6_type,6_type
2000.294196,all.wav,6_type,6_type
2004.455361,all.wav,6_type,6_type
2005.80698,all.wav,6_type,6_type
2007.434129,all.wav,6_type,6_type
2008.542761,all.wav,6_type,6_type
2009.764208,all.wav,6_type,6_type
2010.17208,all.wav,6_type,6_type
2011.545394,all.wav,6_type,6_type
2012.072591,all.wav,6_type,6_type
2013.035863,all.wav,6_type,6_type
2013.652011,all.wav,6_type,6_type
2014.999291,all.wav,6_type,6_type
2017.129772,all.wav,6_type,6_type
2019.210354,all.wav,6_type,6_type
2023.1307,all.wav,6_type,6_type
2025.614816,all.wav,6_type,6_type
2027.873299,all.wav,6_type,6_type
2029.446211,all.wav,6_type,6_type
2032.199348,all.wav,6_type,6_type
2032.83936,all.wav,6_type,6_type
2033.705004,all.wav,6_type,6_type
2035.451478,all.wav,6_type,6_type
2036.889878,all.wav,6_type,6_type
2037.291242,all.wav,6_type,6_type
2037.781556,all.wav,6_type,6_type
2038.022374,all.wav,6_type,6_type
2041.224605,all.wav,6_type,6_type
2041.675868,all.wav,6_type,6_type
2042.634802,all.wav,6_type,6_type
2043.088234,all.wav,6_type,6_type
2044.661145,all.wav,6_type,6_type
2046.021442,all.wav,6_type,6_type
2046.839356,all.wav,6_type,6_type
2047.453334,all.wav,6_type,6_type
2049.156418,all.wav,6_type,6_type
2049.559951,all.wav,6_type,6_type
2062.963325,all.wav,6_type,6_type
2065.312929,all.wav,6_type,6_type
2109.62781,all.wav,6_type,6_type
2111.801682,all.wav,6_type,6_type
2113.732566,all.wav,6_type,6_type
2122.16988,all.wav,6_type,6_type
2145.182116,all.wav,6_type,6_type
2147.152052,all.wav,6_type,6_type
2148.954933,all.wav,6_type,6_type
2159.090991,all.wav,6_type,6_type
2161.416731,all.wav,6_type,6_type
2172.006221,all.wav,6_type,6_type
67.013301,1256_2014.wav,,7_type
69.853882,1256_2014.wav,,7_type
72.493445,1256_2014.wav,,7_type
394.380365,1257_2014.wav,,7_type
399.493468,1257_2014.wav,,7_type
639.705273,1257_2014.wav,,7_type
642.454117,1257_2014.wav,,7_type
28.990055,1258_2014.wav,,7_type
33.929817,1258_2014.wav,,7_type
2343.258305,all.wav,8_type,8_type
2345.377938,all.wav,8_type,8_type
2351.266051,all.wav,8_type,8_type
2355.689729,all.wav,8_type,8_type
2364.09233,all.wav,8_type,8_type
2366.246676,all.wav,8_type,8_type
2370.197395,all.wav,8_type,8_type
2372.286656,all.wav,8_type,8_type
2374.447511,all.wav,8_type,8_type
2405.467493,all.wav,8_type,8_type
2407.504684,all.wav,8_type,8_type
2409.591775,all.wav,8_type,8_type
2413.813686,all.wav,8_type,8_type
2416.401939,all.wav,8_type,8_type
2421.331118,all.wav,8_type,8_type
2426.722407,all.wav,8_type,8_type
2431.484532,all.wav,8_type,8_type
2441.870086,all.wav,8_type,8_type
2449.814916,all.wav,8_type,8_type
2455.746419,all.wav,8_type,8_type
2553.323333,all.wav,8_type,8_type
2557.605991,all.wav,8_type,8_type
485.871244,all.wav,9_type,9_type
500.459184,all.wav,9_type,9_type
505.123679,all.wav,9_type,9_type
509.692716,all.wav,9_type,9_type
510.028993,all.wav,9_type,9_type
510.447713,all.wav,9_type,9_type
512.456701,all.wav,9_type,9_type
512.920981,all.wav,9_type,9_type
520.182408,all.wav,9_type,9_type
543.110032,all.wav,9_type,9_type
1405.692469,all.wav,9_type,9_type
1409.949093,all.wav,9_type,9_type
1412.483108,all.wav,9_type,9_type
1412.834572,all.wav,9_type,9_type
1420.250035,all.wav,9_type,9_type
62.741318,S55_20191207_024632_074cho.wav,23_type,23_type
95.442908,S55_20191207_024632_074cho.wav,23_type,23_type
113.868452,S55_20191207_024632_074cho.wav,23_type,23_type
62.741318,S55_20191207_024632_074cho.wav,23_type,23_type
95.442908,S55_20191207_024632_074cho.wav,23_type,23_type
113.868452,S55_20191207_024632_074cho.wav,23_type,23_type
6.490202,S55_20191207_025032_744okkk.wav,23_type,23_type
10.211757,S55_20191207_025032_744okkk.wav,23_type,23_type
13.57775,S55_20191207_025032_744okkk.wav,23_type,23_type
17.204488,S55_20191207_025032_744okkk.wav,23_type,23_type
24.974716,S55_20191207_025032_744okkk.wav,23_type,23_type
32.863464,S55_20191207_025032_744okkk.wav,23_type,23_type
60.033186,S55_20191207_025032_744okkk.wav,23_type,23_type
81.257901,S55_20191207_025032_744okkk.wav,23_type,23_type
88.23641,S55_20191207_025032_744okkk.wav,23_type,23_type
